{
  "meta": {
    "dataset_root": "dataset",
    "sequence_length": 5,
    "min_gap": 2,
    "max_gap": 50,
    "segment_stride": 5,
    "reservoir_size_per_axis": 200000,
    "runs": 398,
    "total_segments_sampled": 137270,
    "total_points_aggregated": 3344370
  },
  "axis": {
    "x": {
      "count": 3344370,
      "mean": 1.743843704049938,
      "std": 1.3381492277643054,
      "min": -5.5370965003967285,
      "max": 7.048900604248047,
      "p1": 0.0,
      "p5": 0.09965478517115116,
      "p25": 0.6912669092416763,
      "p50": 1.496144413948059,
      "p75": 2.5953288078308105,
      "p95": 4.211352419853211,
      "p99": 5.531993079185487
    },
    "y": {
      "count": 3344370,
      "mean": -0.010434259555088532,
      "std": 0.6965802858383919,
      "min": -6.8009443283081055,
      "max": 6.963239669799805,
      "p1": -2.4362714767456053,
      "p5": -0.9908972233533858,
      "p25": -0.08390000090003014,
      "p50": 0.0,
      "p75": 0.07378742657601833,
      "p95": 0.9301221966743469,
      "p99": 2.422099878788
    },
    "z": {
      "count": 3344370,
      "mean": 2.401452107259827e-06,
      "std": 0.000502978792652055,
      "min": -0.10683542490005493,
      "max": 0.029967546463012695,
      "p1": -0.00044390648603439333,
      "p5": -4.470348358154297e-07,
      "p25": 0.0,
      "p50": 0.0,
      "p75": 0.0,
      "p95": 1.1920928955078125e-07,
      "p99": 0.00046965718269348367
    }
  },
  "overall": {
    "approx_percentiles": {
      "p1": -1.4547012877464294,
      "p5": -0.27888063043355943,
      "p25": 0.0,
      "p50": 2.9802322387695312e-08,
      "p75": 0.828221321105957,
      "p95": 3.261488032341002,
      "p99": 4.647398962974551
    }
  }
}